exp,completed,duration,output_throughput,mean_tpot_ms,p99_tpot_ms,mean_ttft_ms,p99_ttft_ms,running_p50,waiting_p50,kv_util_max,gpu_util_p50,spec_decode_num_drafts,mean_accept_len,draft_acc_rate,num_preemptions_total
A_ar_r12,40,21.75261114910245,724.7405790477017,26.64182639010352,31.740447631168607,2176.9355002092198,8931.440669484437,0.0,0.0,0.196,0.0,,,,
A_ar_r2,40,28.85104800015688,546.4272909571353,25.302577729621902,27.9545976500799,208.4856339963153,512.0632014516741,0.0,0.0,0.1052,0.0,,,,
A_ar_r24,40,21.60905193630606,729.5553755189379,26.45522596425467,31.400760216231912,2960.1139510283247,10425.268411673604,0.0,0.0,0.1927,0.0,,,,
A_ar_r6,40,22.6768537145108,695.2022621159327,27.246153943063984,33.92299905698795,1312.4434881377965,6559.890775615349,0.0,0.0,0.1914,0.0,,,,
A_synth_0.35_r12,40,19.904396309517324,792.0360786055056,21.135606714401707,44.832552568551094,2526.847952231765,6382.837791573256,0.0,0.0,0.1777,0.0,3161.0,3.746,0.918,
A_synth_0.35_r2,40,29.072819295339286,542.2590716039471,14.308890451039298,31.40587214915188,265.75853885151446,1234.7491131722925,0.0,0.0,0.0608,0.0,3181.0,3.648,0.884,
A_synth_0.35_r24,40,19.917427544482052,791.5178787417029,21.108150802744316,44.79575523257592,3396.014912892133,8026.191361509264,0.0,0.0,0.176,0.0,3161.0,3.746,0.918,
A_synth_0.35_r6,40,20.14015590865165,782.7645461884332,21.20032475381801,45.169708445168794,1068.2179221184924,3742.5281783752143,0.0,0.0,0.1728,0.0,3164.0,3.809,0.939,
A_synth_0.60_r12,40,19.961646514944732,789.7645110686226,21.14715163309082,44.90158312171886,2542.6956029841676,6391.844774400815,0.0,0.0,0.1754,0.0,3161.0,3.746,0.918,
A_synth_0.60_r2,40,28.803456631489098,547.3301417151811,14.823302432963088,32.96484363725886,256.90919880289584,1168.020285051316,0.0,0.0,0.0815,0.0,3057.0,3.803,0.936,
A_synth_0.60_r24,40,19.847289888188243,794.3149965972058,21.105488115567784,44.68012822499216,3399.4803722249344,8034.778526211157,0.0,0.0,0.176,0.0,3107.0,3.785,0.931,
A_synth_0.60_r6,40,20.259255004115403,778.1628691083431,22.904503616245908,48.86700464414555,1157.2764448821545,4123.828251780942,0.0,0.0,0.1704,0.0,2946.0,3.854,0.953,
A_synth_0.85_r12,40,19.938486207276583,790.6818921010431,21.107694685527296,44.801399872253775,2535.0468365009874,6373.5683111753315,0.0,0.0,0.1729,0.0,3161.0,3.746,0.918,
A_synth_0.85_r2,40,27.677968841046095,569.5865939635244,13.464111022549357,31.02571063735597,260.9407160663977,1219.9613723903892,0.0,0.0,0.0708,0.0,3481.0,3.56,0.855,
A_synth_0.85_r24,40,19.839509915560484,794.6264835723199,21.0616194119262,44.629739873377936,3395.7856088876724,8010.147568956018,0.0,0.0,0.1767,0.0,3107.0,3.785,0.931,
A_synth_0.85_r6,40,19.12413049954921,824.3512038558621,22.56965908612319,48.746964448486075,1270.5930670490488,4331.050325948745,0.0,0.0,0.1562,0.0,3008.0,3.759,0.921,
B_ar_r12_c2048,40,21.799922924488783,723.1676944275112,26.613134266788695,31.7244333866634,2207.6957628596574,8949.781816871837,0.0,0.0,0.1896,0.0,,,,
B_ar_r12_c512,40,22.067821159027517,714.3886062150202,27.181277190271125,33.37732975652867,2380.8668756159022,9318.077696505934,0.0,0.0,0.1874,0.0,,,,
B_ar_r12_c8192,40,21.80172059033066,723.1080654703912,26.45195751485408,31.35848268637035,2279.930222709663,8946.53523368761,0.0,0.0,0.2157,0.0,,,,
B_ar_r24_c2048,40,21.719114357605577,725.858326468981,26.421001554882398,31.340112068756884,3058.095279149711,10504.871139321476,0.0,0.0,0.1903,0.0,,,,
B_ar_r24_c512,40,21.995580890215933,716.7348786415812,27.15060486367782,33.359175516460176,3192.3558281501755,10906.924527408553,0.0,0.0,0.1816,0.0,,,,
B_ar_r24_c8192,40,21.6444230992347,728.3631412914589,25.81703569510944,31.36500548877915,3193.96241302602,10375.233796061948,0.0,0.0,0.2184,0.0,,,,
B_ar_r6_c2048,40,22.69513153657317,694.6423718494306,27.191891436577986,33.556166214109226,1337.415623641573,6575.27128838934,0.0,0.0,0.1916,0.0,,,,
B_ar_r6_c512,40,22.65380957443267,695.9094428776582,27.16609164913562,33.46694471414321,1355.215002875775,6605.327093731612,0.0,0.0,0.2157,0.0,,,,
B_ar_r6_c8192,40,22.691295732744038,694.7597962530963,27.17620459137622,33.44035581752431,1329.6650275122374,6554.51384265907,0.0,0.0,0.2182,0.0,,,,
B_synth0.60_r12_c2048,40,20.094676130451262,784.5361576198725,21.23985355495315,44.967066493075514,2678.3523854101077,6580.41753818281,0.0,0.0,0.1706,0.0,3161.0,3.746,0.918,
B_synth0.60_r12_c512,40,21.589252882637084,730.2244355421315,20.84460718703282,46.87097191698933,2975.0301791587844,7355.472331317142,0.0,0.0,0.1783,0.0,3142.0,3.832,0.947,
B_synth0.60_r12_c8192,,,,,,,,,,,,,,,
B_synth0.60_r24_c2048,40,20.001929184421897,788.1739733524432,21.03611100220414,44.67159839582968,3504.425280308351,8109.287859145551,0.0,0.0,0.1714,0.0,3161.0,3.746,0.918,
B_synth0.60_r24_c512,40,21.537236037664115,731.9880774130123,20.86116743531545,46.94987046949378,3723.9272291073576,8845.08491339162,0.0,0.0,0.1797,0.0,3142.0,3.832,0.947,
B_synth0.60_r24_c8192,40,19.335497537627816,815.3397640438549,21.06131763385552,43.361914016269445,3810.3328357450664,8393.393624136224,0.0,0.0,0.1933,0.0,3005.0,3.81,0.939,
B_synth0.60_r6_c2048,40,20.25913806911558,778.1673606358036,23.10035217604412,47.96683492723789,1282.0955586386845,4397.54019362852,0.0,0.0,0.1664,0.0,2850.0,3.845,0.95,
B_synth0.60_r6_c512,40,18.610045466572046,847.1231318761468,19.739257413544316,42.04457920733216,1263.726077391766,3721.8392590619624,0.0,0.0,0.1566,0.0,3272.0,3.887,0.965,
B_synth0.60_r6_c8192,40,20.245583387091756,778.6883538288898,20.231691525417457,37.17226505937136,1161.2354980548844,3549.6404930762947,0.0,0.0,0.2012,0.0,3254.0,3.835,0.947,
